Unnamed: 0,hash,origin,title,author,published,url,text,finbert_score,neg,neu,pos,compound,index,preprocess_txt,pos_count,neg_count,sentiment_m2
0,01edbe3e86ce108b9289f5cec5204e04b5d3b6808689fd0d4ae97edfa0fa4b07,binance_news,CMC Altcoin Season Index Stands at 25,Binance News,2025-10-23 00:00,https://www.binance.com/en/square/post/10-23-2025-cmc-altcoin-season-index-stands-at-25-31391953485537,"According to CoinMarketCap (CMC) data, the CMC Altcoin Season Index currently stands at 25. The index measures market performance by analyzing the top 100 cryptocurrencies by market capitalization to determine whether the market is shifting towards altcoins or Bitcoin dominance.  ﻿ #BTC ",neutral,0.0,0.917,0.083,0.3818,0,"['according', 'coinmarketcap', 'cmc', 'data', 'cmc', 'altcoin', 'season', 'index', 'currently', 'stand', 'index', 'measure', 'market', 'performance', 'analyzing', 'top', 'cryptocurrencies', 'market', 'capitalization', 'determine', 'whether', 'market', 'shifting', 'towards', 'altcoins', 'bitcoin', 'dominance', 'btc']",1,0,1.0
1,512b019064aa3065975b756231903bf97643b5b1b4f656a9f82275630cd224e4,binance_news,Willy Woo: Shift in Market Liquidity Shows Decline in Speculative Capital,Binance News,2025-10-20 00:00,https://www.binance.com/en/square/post/10-20-2025-willy-woo-shift-in-market-liquidity-shows-decline-in-speculative-capital-31273684546218,"Key TakeawaysAnalyst Willy Woo says market liquidity is shifting away from short-term speculative traders.Derivatives-driven liquidity that dominated the last bull cycle is weakening.Spot liquidity from long-term holders remains steady but could signal risk if it declines.According to BlockBeats, crypto analyst Willy Woo observed a major transformation in the liquidity structure of the cryptocurrency market.During the previous bull cycle, market liquidity was heavily driven by short-term speculative capital — often referred to as “paper hands” — concentrated in the derivatives sector. These traders provided high volatility but lacked long-term commitment to holding assets.Woo noted that this dynamic is now changing. Derivatives liquidity is waning, while spot market liquidity from long-term investors remains stable. He cautioned, however, that this stability does not imply the start of a new bullish super cycle.“If spot liquidity from long-term holders begins to weaken, the market could quickly shift into a bearish phase,” Woo warned.",neutral,0.053,0.779,0.168,0.9623,0,"['key', 'takeawaysanalyst', 'willy', 'woo', 'say', 'market', 'liquidity', 'shifting', 'away', 'short', 'term', 'speculative', 'trader', 'derivative', 'driven', 'liquidity', 'dominated', 'last', 'bull', 'cycle', 'weakening', 'spot', 'liquidity', 'long', 'term', 'holder', 'remains', 'steady', 'could', 'signal', 'risk', 'decline', 'according', 'blockbeats', 'crypto', 'analyst', 'willy', 'woo', 'observed', 'major', 'transformation', 'liquidity', 'structure', 'cryptocurrency', 'market', 'previous', 'bull', 'cycle', 'market', 'liquidity', 'heavily', 'driven', 'short', 'term', 'speculative', 'capital', 'often', 'referred', 'paper', 'hand', 'concentrated', 'derivative', 'sector', 'trader', 'provided', 'high', 'volatility', 'lacked', 'long', 'term', 'commitment', 'holding', 'asset', 'woo', 'noted', 'dynamic', 'changing', 'derivative', 'liquidity', 'waning', 'spot', 'market', 'liquidity', 'long', 'term', 'investor', 'remains', 'stable', 'cautioned', 'however', 'stability', 'imply', 'start', 'new', 'bullish', 'super', 'cycle', 'spot', 'liquidity', 'long', 'term', 'holder', 'begin', 'weaken', 'market', 'could', 'quickly', 'shift', 'bearish', 'phase', 'woo', 'warned']",12,9,1.2
2,e51896f3722a49deedc358b2851a224bfac1042adbe3a5c00231c1c8ad02df71,binance_news,21Shares Files for New Injective (INJ) ETF,Binance News,2025-10-20 00:00,https://www.binance.com/en/square/post/10-20-2025-21shares-files-for-new-injective-inj-etf-31276488845249,"According to ChainCatcher, 21Shares has filed an application to launch a new Injective (INJ) ETF, as disclosed on Injective’s official X (formerly Twitter) account.The move highlights growing institutional interest in DeFi-focused blockchain assets, following a wave of spot Bitcoin and Ethereum ETF approvals across major markets.If approved, the INJ ETF could provide traditional investors with regulated exposure to one of the fastest-growing Layer-1 DeFi ecosystems in the crypto market. #BTC #ETF #ETH ",positive,0.0,0.876,0.124,0.802,0,"['according', 'chaincatcher', 'share', 'filed', 'application', 'launch', 'new', 'injective', 'inj', 'etf', 'disclosed', 'injective', 'official', 'x', 'formerly', 'twitter', 'account', 'move', 'highlight', 'growing', 'institutional', 'interest', 'defi', 'focused', 'blockchain', 'asset', 'following', 'wave', 'spot', 'bitcoin', 'ethereum', 'etf', 'approval', 'across', 'major', 'market', 'approved', 'inj', 'etf', 'could', 'provide', 'traditional', 'investor', 'regulated', 'exposure', 'one', 'fastest', 'growing', 'layer', 'defi', 'ecosystem', 'crypto', 'market', 'btc', 'etf', 'eth']",2,0,2.0
3,c0cc610d5bc34f1500b8a6b0f9fffbcae99b7bed326f63f136d1d5cc9863fe47,binance_news,"Binance to Launch Turtle (TURTLE) Promotions with 2,125,000 Token Prize Pool",Binance News,2025-10-22 00:00,https://www.binance.com/en/square/post/10-22-2025-binance-to-launch-turtle-turtle-promotions-with-2-125-000-token-prize-pool-31356553891778,"According to the announcement from Binance, the platform is set to introduce Turtle (TURTLE), a liquidity distribution protocol, on Binance Spot. To mark this new listing, Binance will host three promotional events, offering a total prize pool of 2,125,000 TURTLE in token vouchers. The promotion period is scheduled from 2025-10-22 14:00 (UTC) to 2025-11-05 14:00 (UTC).Promotion A: New Users ExclusiveThis promotion is designed for new users who register with Binance during the promotion period. Eligible participants must deposit a cumulative amount of at least 100 USD equivalent in USDT, USDC, or TURTLE via Binance P2P, card, or crypto deposit. The first 4,250 users to meet these criteria will receive a randomly generated reward ranging from 17 to 67 TURTLE in token vouchers.Promotion B: Open to All UsersAll verified regular and VIP users can participate in this promotion by trading a cumulative amount of at least 500 USD equivalent in eligible TURTLE pairs, including TURTLE/USDT, TURTLE/USDC, TURTLE/BNB, and TURTLE/TRY. The first 10,200 users to qualify will earn a reward between 7 and 40 TURTLE in token vouchers.Promotion C: Trading Volume TournamentThis tournament is open to all verified regular and VIP users, excluding liquidity providers and Binance Brokers. Participants must trade a cumulative amount of at least 1,000 USD equivalent in eligible TURTLE pairs. Rewards are calculated based on the user's trading volume relative to the total trading volume of all eligible participants, with a cap of 2,666 TURTLE per user.Token vouchers for all promotions will be distributed by 2025-11-19 and will expire within 21 days. Binance reserves the right to amend or cancel the promotions at its discretion.#BNB #USDT #USDC ",neutral,0.007,0.914,0.079,0.9677,0,"['according', 'announcement', 'binance', 'platform', 'set', 'introduce', 'turtle', 'turtle', 'liquidity', 'distribution', 'protocol', 'binance', 'spot', 'mark', 'new', 'listing', 'binance', 'host', 'three', 'promotional', 'event', 'offering', 'total', 'prize', 'pool', 'turtle', 'token', 'voucher', 'promotion', 'period', 'scheduled', 'utc', 'utc', 'promotion', 'new', 'user', 'exclusivethis', 'promotion', 'designed', 'new', 'user', 'register', 'binance', 'promotion', 'period', 'eligible', 'participant', 'must', 'deposit', 'cumulative', 'amount', 'least', 'usd', 'equivalent', 'usdt', 'usdc', 'turtle', 'via', 'binance', 'p', 'p', 'card', 'crypto', 'deposit', 'first', 'user', 'meet', 'criterion', 'receive', 'randomly', 'generated', 'reward', 'ranging', 'turtle', 'token', 'voucher', 'promotion', 'b', 'open', 'usersall', 'verified', 'regular', 'vip', 'user', 'participate', 'promotion', 'trading', 'cumulative', 'amount', 'least', 'usd', 'equivalent', 'eligible', 'turtle', 'pair', 'including', 'turtle', 'usdt', 'turtle', 'usdc', 'turtle', 'bnb', 'turtle', 'try', 'first', 'user', 'qualify', 'earn', 'reward', 'turtle', 'token', 'voucher', 'promotion', 'c', 'trading', 'volume', 'tournamentthis', 'tournament', 'open', 'verified', 'regular', 'vip', 'user', 'excluding', 'liquidity', 'provider', 'binance', 'broker', 'participant', 'must', 'trade', 'cumulative', 'amount', 'least', 'usd', 'equivalent', 'eligible', 'turtle', 'pair', 'reward', 'calculated', 'based', 'user', 'trading', 'volume', 'relative', 'total', 'trading', 'volume', 'eligible', 'participant', 'cap', 'turtle', 'per', 'user', 'token', 'voucher', 'promotion', 'distributed', 'expire', 'within', 'day', 'binance', 'reserve', 'right', 'amend', 'cancel', 'promotion', 'discretion', 'bnb', 'usdt', 'usdc']",6,2,2.0
4,85d6889b18f0adcc2dc3c2e1993ae70b7570dbb7e0b44ee34a173c89dc0180a8,binance_news,"Binance Market Update: Crypto Market Trends | October 23, 2025",Binance News,2025-10-23 00:00,https://www.binance.com/en/square/post/10-23-2025-binance-market-update-crypto-market-trends-october-23-2025-31396166209873,"According to CoinMarketCap data, the global cryptocurrency market cap now stands at $3.69T, up by 1.3% over the last 24 hours.Bitcoin (BTC) traded between $106,667 and $110,298 over the past 24 hours. As of 09:30 AM (UTC) today, BTC is trading at $109,410, up by 1.13%.Most major cryptocurrencies by market cap are trading mixed. Market outperformers include YB, SOPH, and TURTLE, up by 29%, 20%, and 17%, respectively.Top stories of the day:Quantum Solutions Adds 2,000 ETH, Becomes 11th-Largest Ethereum Treasury Company Altcoin ETFs Gain Momentum as U.S. Government Shutdown Stalls SEC Reviews Gold Prices Rise Amid U.S. Government Shutdown and Geopolitical Tensions Bitcoin Miner Debt Surges 500% as Industry Gears Up for Hashrate Arms Race Tesla Books $80 Million Profit on Bitcoin Holdings in Q3 U.S. September CPI Data Likely to Mirror August Trends, Says Economist  BNB Chain Sees $1.1B Cross-Chain Inflows in 30 Days, Led by deBridge U.S. Senate Fails to Pass Temporary Funding Bill Amid Ongoing Government Shutdown U.S. Federal Debt Surpasses $38 Trillion Mark Fed Loses Access to Private Employment Data as U.S. Government Shutdown Limits Economic VisibilityMarket movers:ETH: $3887.98 (+0.98%)BNB: $1106 (+3.72%)XRP: $2.4108 (+0.75%)SOL: $188.6 (+2.26%)DOGE: $0.19466 (+1.83%)TRX: $0.3226 (-0.52%)ADA: $0.6401 (+0.98%)WBTC: $109435.62 (+1.11%)WLFI: $0.127 (+2.09%)LINK: $17.5 (+0.17%)#BTC #SEC #ETF #BNB #XRP #ETH ",positive,0.046,0.909,0.045,-0.0772,0,"['according', 'coinmarketcap', 'data', 'global', 'cryptocurrency', 'market', 'cap', 'stand', 'last', 'hour', 'bitcoin', 'btc', 'traded', 'past', 'hour', 'utc', 'today', 'btc', 'trading', 'major', 'cryptocurrencies', 'market', 'cap', 'trading', 'mixed', 'market', 'outperformers', 'include', 'yb', 'soph', 'turtle', 'respectively', 'top', 'story', 'day', 'quantum', 'solution', 'add', 'eth', 'becomes', 'th', 'largest', 'ethereum', 'treasury', 'company', 'altcoin', 'etf', 'gain', 'momentum', 'u', 'government', 'shutdown', 'stall', 'sec', 'review', 'gold', 'price', 'rise', 'amid', 'u', 'government', 'shutdown', 'geopolitical', 'tension', 'bitcoin', 'miner', 'debt', 'surge', 'industry', 'gear', 'hashrate', 'arm', 'race', 'tesla', 'book', 'million', 'profit', 'bitcoin', 'holding', 'q', 'u', 'september', 'cpi', 'data', 'likely', 'mirror', 'august', 'trend', 'say', 'economist', 'bnb', 'chain', 'see', 'b', 'cross', 'chain', 'inflow', 'day', 'led', 'debridge', 'u', 'senate', 'fails', 'pas', 'temporary', 'funding', 'bill', 'amid', 'ongoing', 'government', 'shutdown', 'u', 'federal', 'debt', 'surpasses', 'trillion', 'mark', 'fed', 'loses', 'access', 'private', 'employment', 'data', 'u', 'government', 'shutdown', 'limit', 'economic', 'visibilitymarket', 'mover', 'eth', 'bnb', 'xrp', 'sol', 'doge', 'trx', 'ada', 'wbtc', 'wlfi', 'link', 'btc', 'sec', 'etf', 'bnb', 'xrp', 'eth']",4,7,0.5
5,074d9d91dc988b46c101bd4fbc8365b2b321bf254f28ff8c48bcb4b874bf4270,binance_news,Malaysia Nears Trade Agreement with U.S. Amid Tariff Concerns,Binance News,2025-10-22 00:00,https://www.binance.com/en/square/post/10-22-2025-malaysia-nears-trade-agreement-with-u-s-amid-tariff-concerns-31360327802306,"According to BlockBeats, Malaysian Prime Minister Anwar Ibrahim announced that the country is close to finalizing a trade agreement with the United States following the imposition of high tariffs on Malaysian goods by U.S. President Donald Trump. Anwar stated on Wednesday evening in Putrajaya that 99.9% of the issues have been resolved, with the remaining matters expected to be finalized at a cabinet meeting on Friday.The two nations aim to conclude negotiations during Trump's visit to Kuala Lumpur later this month for the ASEAN summit. Currently, Malaysian exports to the U.S. face a 19% tariff, and there is concern in Southeast Asia about potential additional tariffs on semiconductors.",positive,0.0,0.92,0.08,0.7783,0,"['according', 'blockbeats', 'malaysian', 'prime', 'minister', 'anwar', 'ibrahim', 'announced', 'country', 'close', 'finalizing', 'trade', 'agreement', 'united', 'state', 'following', 'imposition', 'high', 'tariff', 'malaysian', 'good', 'u', 'president', 'donald', 'trump', 'anwar', 'stated', 'wednesday', 'evening', 'putrajaya', 'issue', 'resolved', 'remaining', 'matter', 'expected', 'finalized', 'cabinet', 'meeting', 'friday', 'two', 'nation', 'aim', 'conclude', 'negotiation', 'trump', 'visit', 'kuala', 'lumpur', 'later', 'month', 'asean', 'summit', 'currently', 'malaysian', 'export', 'u', 'face', 'tariff', 'concern', 'southeast', 'asia', 'potential', 'additional', 'tariff', 'semiconductor']",3,3,0.75
6,473fa9899be340d4a9631a22822490eebdb2baee6c1ac62e0681bcc39395d412,binance_news,"Hong Kong Approves First Solana Spot ETF, Listing Set for October 27",Binance News,2025-10-22 00:00,https://www.binance.com/en/square/post/10-22-2025-hong-kong-approves-first-solana-spot-etf-listing-set-for-october-27-31356705768105,"Key TakeawaysThe Hong Kong Securities and Futures Commission (SFC) has approved the first Solana (SOL) spot ETF, issued by China Asset Management (Hong Kong).The ETF, trading under ticker: 03460, is set to list on the Hong Kong Stock Exchange (HKEX) on October 27.This marks the third crypto spot ETF approved in Hong Kong — following Bitcoin and Ether funds — and the first Solana ETF in Asia.The fund will carry a management fee of 0.99%, targeting investors seeking institutional exposure to the Solana ecosystem.Hong Kong Expands Crypto ETF Offerings with Solana ApprovalAccording to Wu Shuo, the Hong Kong Securities and Futures Commission (SFC) has officially approved the region’s first Solana (SOL) spot exchange-traded fund (ETF), further cementing Hong Kong’s role as a regulated hub for digital asset investment products.Issued by China Asset Management (Hong Kong), the Solana ETF represents a major milestone for multi-asset crypto exposure in traditional financial markets. It joins previously approved Bitcoin and Ether spot ETFs, marking Hong Kong’s third crypto spot fund and the first in Asia to feature Solana.ETF Launch Signals Institutional Expansion into SolanaThe Solana ETF, listed under ticker 03460, will debut on the Hong Kong Stock Exchange (HKEX) on October 27. With a management fee of 0.99%, it provides institutional and retail investors a regulated vehicle to gain exposure to Solana’s growing DeFi and NFT ecosystem without direct token custody.Market observers note that the approval reflects rising institutional demand for diversified blockchain investments beyond Bitcoin and Ethereum. Hong Kong continues to position itself as a regional leader in crypto financial innovation, with more multi-asset ETF applications expected in the coming months.#BTC #ETF #NFT ",neutral,0.005,0.871,0.124,0.9831,0,"['key', 'takeawaysthe', 'hong', 'kong', 'security', 'future', 'commission', 'sfc', 'approved', 'first', 'solana', 'sol', 'spot', 'etf', 'issued', 'china', 'asset', 'management', 'hong', 'kong', 'etf', 'trading', 'ticker', 'set', 'list', 'hong', 'kong', 'stock', 'exchange', 'hkex', 'october', 'mark', 'third', 'crypto', 'spot', 'etf', 'approved', 'hong', 'kong', 'following', 'bitcoin', 'ether', 'fund', 'first', 'solana', 'etf', 'asia', 'fund', 'carry', 'management', 'fee', 'targeting', 'investor', 'seeking', 'institutional', 'exposure', 'solana', 'ecosystem', 'hong', 'kong', 'expands', 'crypto', 'etf', 'offering', 'solana', 'approvalaccording', 'wu', 'shuo', 'hong', 'kong', 'security', 'future', 'commission', 'sfc', 'officially', 'approved', 'region', 'first', 'solana', 'sol', 'spot', 'exchange', 'traded', 'fund', 'etf', 'cementing', 'hong', 'kong', 'role', 'regulated', 'hub', 'digital', 'asset', 'investment', 'product', 'issued', 'china', 'asset', 'management', 'hong', 'kong', 'solana', 'etf', 'represents', 'major', 'milestone', 'multi', 'asset', 'crypto', 'exposure', 'traditional', 'financial', 'market', 'join', 'previously', 'approved', 'bitcoin', 'ether', 'spot', 'etf', 'marking', 'hong', 'kong', 'third', 'crypto', 'spot', 'fund', 'first', 'asia', 'feature', 'solana', 'etf', 'launch', 'signal', 'institutional', 'expansion', 'solanathe', 'solana', 'etf', 'listed', 'ticker', 'debut', 'hong', 'kong', 'stock', 'exchange', 'hkex', 'october', 'management', 'fee', 'provides', 'institutional', 'retail', 'investor', 'regulated', 'vehicle', 'gain', 'exposure', 'solana', 'growing', 'defi', 'nft', 'ecosystem', 'without', 'direct', 'token', 'custody', 'market', 'observer', 'note', 'approval', 'reflects', 'rising', 'institutional', 'demand', 'diversified', 'blockchain', 'investment', 'beyond', 'bitcoin', 'ethereum', 'hong', 'kong', 'continues', 'position', 'regional', 'leader', 'crypto', 'financial', 'innovation', 'multi', 'asset', 'etf', 'application', 'expected', 'coming', 'month', 'btc', 'etf', 'nft']",4,0,4.0
7,4a135d37b52020b780852a6d80c1c6a7c4811b0b5120a26e57271186f5aa55f7,binance_news,BTC Short Position Reaches Significant Value Amid Market Fluctuations,Binance News,2025-10-20 00:00,https://www.binance.com/en/square/post/10-20-2025-btc-short-position-reaches-significant-value-amid-market-fluctuations-31273082914873,"According to Foresight News, monitoring by @ai_9684xtpa reveals that the entity known as 'Insider Bigwig' holds a short position of 1,000 BTC, valued at approximately $111 million. The opening price for this BTC position was $109,672.2, currently resulting in an unrealized loss of about $1.309 million.#BTC ",neutral,0.048,0.892,0.06,0.1531,0,"['according', 'foresight', 'news', 'monitoring', 'ai', 'xtpa', 'reveals', 'entity', 'known', 'insider', 'bigwig', 'hold', 'short', 'position', 'btc', 'valued', 'approximately', 'million', 'opening', 'price', 'btc', 'position', 'currently', 'resulting', 'unrealized', 'loss', 'million', 'btc']",1,1,0.5
8,28c9eda2721480abd78362a9e836957c74cc39edbf6a4d0de35b7dd9d75e300b,binance_news,U.S. Bitcoin ETFs See $449M Outflow as Ethereum ETFs Shed $284M,Binance News,2025-10-20 00:00,https://www.binance.com/en/square/post/10-20-2025-u-s-bitcoin-etfs-see-449m-outflow-as-ethereum-etfs-shed-284m-31276856538514,"According to TechFlow, citing Lookonchain data, U.S. Bitcoin ETFs recorded a combined net outflow of 4,047 BTC on October 20, worth approximately $449.51 million at current market prices.Meanwhile, Ethereum ETFs also experienced heavy withdrawals, with 9 funds seeing a net outflow of 70,488 ETH, equivalent to around $284.28 million.The data underscores persistent investor caution following last week’s crypto market volatility and ongoing macroeconomic uncertainty surrounding the Federal Reserve’s rate policy and the U.S. government shutdown.#BTC #ETF #ETH ",negative,0.031,0.944,0.025,-0.128,0,"['according', 'techflow', 'citing', 'lookonchain', 'data', 'u', 'bitcoin', 'etf', 'recorded', 'combined', 'net', 'outflow', 'btc', 'october', 'worth', 'approximately', 'million', 'current', 'market', 'price', 'meanwhile', 'ethereum', 'etf', 'also', 'experienced', 'heavy', 'withdrawal', 'fund', 'seeing', 'net', 'outflow', 'eth', 'equivalent', 'around', 'million', 'data', 'underscore', 'persistent', 'investor', 'caution', 'following', 'last', 'week', 'crypto', 'market', 'volatility', 'ongoing', 'macroeconomic', 'uncertainty', 'surrounding', 'federal', 'reserve', 'rate', 'policy', 'u', 'government', 'shutdown', 'btc', 'etf', 'eth']",1,1,0.5
9,a9991a92157517203af96b01be87e967cf92ae8918aa64043a856b008e9d0231,binance_news,"Ethereum (ETH) Surpasses 3,900 USDT with a 1.06% Increase in 24 Hours",Binance News,2025-10-23 00:00,https://www.binance.com/en/square/post/10-23-2025-ethereum-eth-surpasses-3-900-usdt-with-a-1-06-increase-in-24-hours-31393985791426,"According to Binance Market Data, Ethereum (ETH) crossed the 3,900 USDT benchmark and is now trading at 3,900.100098 USDT, with a 1.06% increase in 24 hours.#ETH ",positive,0.0,0.913,0.087,0.3182,0,"['according', 'binance', 'market', 'data', 'ethereum', 'eth', 'crossed', 'usdt', 'benchmark', 'trading', 'usdt', 'increase', 'hour', 'eth']",0,0,0.0
10,6158e6200b7bb759fa166a057aaf1d28ea406c598ee1855e9e96050c160cda38,binance_news,a16z Crypto Highlights Regulatory Needs Amid Meme Coin Surge,Binance News,2025-10-22 00:00,https://www.binance.com/en/square/post/10-22-2025-a16z-crypto-highlights-regulatory-needs-amid-meme-coin-surge-31363086547793,"According to PANews, a16z Crypto has released its '2025 Cryptocurrency Industry Status Report,' highlighting the issuance of over 13 million meme coins as a sign of regulatory gaps in the cryptocurrency sector. The report underscores the urgent need for the United States to enact market structure legislation to provide clearer frameworks for developers and investors in the crypto space.The report suggests that the proposed 'Digital Asset Market Transparency Act,' currently before Congress, could enhance consumer protection through additional safeguards, regulate blockchain-based intermediaries, and establish clearer regulatory pathways for digital commodities if passed.The surge in meme coins over the past year is seen as a reflection of the absence of a regulatory framework. These coins are characterized by high volatility and unprecedented risks, showcasing both the immense potential of cryptocurrencies as an asset class and their well-known speculative investment risks.",positive,0.029,0.879,0.092,0.802,0,"['according', 'panews', 'z', 'crypto', 'released', 'cryptocurrency', 'industry', 'status', 'report', 'highlighting', 'issuance', 'million', 'meme', 'coin', 'sign', 'regulatory', 'gap', 'cryptocurrency', 'sector', 'report', 'underscore', 'urgent', 'need', 'united', 'state', 'enact', 'market', 'structure', 'legislation', 'provide', 'clearer', 'framework', 'developer', 'investor', 'crypto', 'space', 'report', 'suggests', 'proposed', 'digital', 'asset', 'market', 'transparency', 'act', 'currently', 'congress', 'could', 'enhance', 'consumer', 'protection', 'additional', 'safeguard', 'regulate', 'blockchain', 'based', 'intermediary', 'establish', 'clearer', 'regulatory', 'pathway', 'digital', 'commodity', 'passed', 'surge', 'meme', 'coin', 'past', 'year', 'seen', 'reflection', 'absence', 'regulatory', 'framework', 'coin', 'characterized', 'high', 'volatility', 'unprecedented', 'risk', 'showcasing', 'immense', 'potential', 'cryptocurrencies', 'asset', 'class', 'well', 'known', 'speculative', 'investment', 'risk']",6,5,1.0
11,4bf1e9753d256d8cb500cf1a00f4341240a9c12730a0b9414b50fb0ea5188648,binance_news,"Binance Market Update: Crypto Market Trends | October 22, 2025",Binance News,2025-10-22 00:00,https://www.binance.com/en/square/post/10-22-2025-binance-market-update-crypto-market-trends-october-22-2025-31351929402026,"According to CoinMarketCap data, the global cryptocurrency market cap now stands at $3.65T, down by 1.19% over the last 24 hours.Bitcoin (BTC) traded between $107,580 and $114,000 over the past 24 hours. As of 09:30 AM (UTC) today, BTC is trading at $108,184, up by 0.38%.Most major cryptocurrencies by market cap are trading mixed. Market outperformers include NIL, AEUR, and EDU, up by 24%, 13%, and 12%, respectively.Top stories of the day:Hong Kong Approves First Solana Spot ETF, Listing Set for October 27 Binance Leads with $180 Trillion in BTC Spot Trading Volume, According to CryptoQuant Crypto ETF Filings Surge to 155 as Solana and Bitcoin Lead with 23 Applications Each U.S. Senators Push for Swift Open Banking Rule Implementation to Safeguard Crypto Access Analysts Say U.S. Dollar Upside Limited Without Fed Rate Cuts Before March 2026 Bitcoin Derivatives Market Shifts as Options Flows Overtake Futures in Price Influence  Bitcoin’s MVRV Ratio Points to Potential Bottom, Analysts See $115K–$190K Upside CPI Data Becomes Key Focus Amid U.S. Government Shutdown Standard Chartered Hong Kong to Launch Virtual Asset ETF Trading Service Market movers:ETH: $3850.32 (-0.50%)BNB: $1066.34 (-0.09%)XRP: $2.3928 (-0.55%)SOL: $184.42 (+0.09%)DOGE: $0.19117 (-1.29%)TRX: $0.3244 (+1.28%)ADA: $0.6339 (-1.14%)WBTC: $108224.24 (+0.36%)WLFI: $0.1243 (-2.13%)LINK: $17.47 (-2.89%)#DOGE #BTC #ETF #BNB #XRP #ETH ",neutral,0.009,0.938,0.054,0.8219,0,"['according', 'coinmarketcap', 'data', 'global', 'cryptocurrency', 'market', 'cap', 'stand', 'last', 'hour', 'bitcoin', 'btc', 'traded', 'past', 'hour', 'utc', 'today', 'btc', 'trading', 'major', 'cryptocurrencies', 'market', 'cap', 'trading', 'mixed', 'market', 'outperformers', 'include', 'nil', 'aeur', 'edu', 'respectively', 'top', 'story', 'day', 'hong', 'kong', 'approves', 'first', 'solana', 'spot', 'etf', 'listing', 'set', 'october', 'binance', 'lead', 'trillion', 'btc', 'spot', 'trading', 'volume', 'according', 'cryptoquant', 'crypto', 'etf', 'filing', 'surge', 'solana', 'bitcoin', 'lead', 'application', 'u', 'senator', 'push', 'swift', 'open', 'banking', 'rule', 'implementation', 'safeguard', 'crypto', 'access', 'analyst', 'say', 'u', 'dollar', 'upside', 'limited', 'without', 'fed', 'rate', 'cut', 'march', 'bitcoin', 'derivative', 'market', 'shift', 'option', 'flow', 'overtake', 'future', 'price', 'influence', 'bitcoin', 'mvrv', 'ratio', 'point', 'potential', 'bottom', 'analyst', 'see', 'k', 'k', 'upside', 'cpi', 'data', 'becomes', 'key', 'focus', 'amid', 'u', 'government', 'shutdown', 'standard', 'chartered', 'hong', 'kong', 'launch', 'virtual', 'asset', 'etf', 'trading', 'service', 'market', 'mover', 'eth', 'bnb', 'xrp', 'sol', 'doge', 'trx', 'ada', 'wbtc', 'wlfi', 'link', 'doge', 'btc', 'etf', 'bnb', 'xrp', 'eth']",5,1,2.5
12,7dd260a20174017227cb28d431bb1bea8e2aa6f0f8aa8db0478f8c6c90a93fad,binance_news,"BNB News: BNB Chain Sees $1.1B Cross-Chain Inflows in 30 Days, Led by deBridge",Binance News,2025-10-23 00:00,https://www.binance.com/en/square/post/10-23-2025-bnb-news-bnb-chain-sees-1-1b-cross-chain-inflows-in-30-days-led-by-debridge-31390415499489,"According to DefiLlama data, BNB Chain recorded approximately $1.1 billion in cross-chain capital inflows over the past 30 days, highlighting sustained on-chain activity despite recent market volatility.Roughly 40% of these inflows — around $440 million — came via deBridge, making it the largest cross-chain liquidity provider for BNB Chain during the period.#BNB ",positive,0.0,1.0,0.0,0.0,0,"['according', 'defillama', 'data', 'bnb', 'chain', 'recorded', 'approximately', 'billion', 'cross', 'chain', 'capital', 'inflow', 'past', 'day', 'highlighting', 'sustained', 'chain', 'activity', 'despite', 'recent', 'market', 'volatility', 'roughly', 'inflow', 'around', 'million', 'came', 'via', 'debridge', 'making', 'largest', 'cross', 'chain', 'liquidity', 'provider', 'bnb', 'chain', 'period', 'bnb']",0,1,0.0
13,880a61e368385f37f493c4d23349a8ce88da38970665d87b2aaba7e5181c8ae0,binance_news,"Binance Market Update: Crypto Market Trends | October 21, 2025",Binance News,2025-10-21 00:00,https://www.binance.com/en/square/post/10-21-2025-binance-market-update-crypto-market-trends-october-21-2025-31307692522610,"According to CoinMarketCap data, the global cryptocurrency market cap now stands at $3.65T, down by 2.87% over the last 24 hours.Bitcoin (BTC) traded between $107,474 and $111,706 over the past 24 hours. As of 09:30 AM (UTC) today, BTC is trading at $107,776, down by 2.73%.Most major cryptocurrencies by market cap are trading lower. Market outperformers include OPEN, AVNT, and 0G, up by 24%, 23%, and 11%, respectively.Top stories of the day:Goldman Sachs Expects U.S. Headline and Core CPI to Rise 0.3% Month-on-Month in SeptemberU.S. Financial Groups Advocate for Open Banking Amid Concerns Over Data Access FeesPotential Progress on U.S. Government Shutdown This WeekAnalysts: Fed May Lower Bank Reserve Rate to Ease Market Financing PressureVanEck Submits Application for Lido Staked Ethereum ETF High Probability of Federal Reserve Rate Cut in October Gold Prices Decline Below $4,250 per Ounce Amid Daily DropJefferies: Bitcoin Mining Profitability Dropped Over 7% in September as Hash Rate SurgedU.S. Government Shutdown Impacts Crypto Market Amid Anticipated Fed Rate Cut Walmart to Accept Cryptocurrency Payments Through OnePay Cash Market movers:ETH: $3869.7 (-4.20%)BNB: $1067.25 (-4.70%)XRP: $2.406 (-2.22%)SOL: $184.25 (-4.49%)DOGE: $0.19367 (-3.26%)TRX: $0.3203 (-1.05%)ADA: $0.6412 (-4.23%)WBTC: $107847.61 (-2.65%)WLFI: $0.127 (-4.44%)LINK: $18 (-4.41%)#DOGE #BTC #ETF #BNB #XRP #ETH ",neutral,0.031,0.92,0.048,0.5423,0,"['according', 'coinmarketcap', 'data', 'global', 'cryptocurrency', 'market', 'cap', 'stand', 'last', 'hour', 'bitcoin', 'btc', 'traded', 'past', 'hour', 'utc', 'today', 'btc', 'trading', 'major', 'cryptocurrencies', 'market', 'cap', 'trading', 'lower', 'market', 'outperformers', 'include', 'open', 'avnt', 'g', 'respectively', 'top', 'story', 'day', 'goldman', 'sachs', 'expects', 'u', 'headline', 'core', 'cpi', 'rise', 'month', 'month', 'septemberu', 'financial', 'group', 'advocate', 'open', 'banking', 'amid', 'concern', 'data', 'access', 'feespotential', 'progress', 'u', 'government', 'shutdown', 'weekanalysts', 'fed', 'may', 'lower', 'bank', 'reserve', 'rate', 'ease', 'market', 'financing', 'pressurevaneck', 'submits', 'application', 'lido', 'staked', 'ethereum', 'etf', 'high', 'probability', 'federal', 'reserve', 'rate', 'cut', 'october', 'gold', 'price', 'decline', 'per', 'ounce', 'amid', 'daily', 'dropjefferies', 'bitcoin', 'mining', 'profitability', 'dropped', 'september', 'hash', 'rate', 'surgedu', 'government', 'shutdown', 'impact', 'crypto', 'market', 'amid', 'anticipated', 'fed', 'rate', 'cut', 'walmart', 'accept', 'cryptocurrency', 'payment', 'onepay', 'cash', 'market', 'mover', 'eth', 'bnb', 'xrp', 'sol', 'doge', 'trx', 'ada', 'wbtc', 'wlfi', 'link', 'doge', 'btc', 'etf', 'bnb', 'xrp', 'eth']",5,2,1.67
14,c14c4a009e6e33bae49fa758d5cbc116ae6b7ae653d6b402de4ffdec860bdf99,binance_news,U.S. Treasury Yields Decline Amid Rising Bond Prices,Binance News,2025-10-22 00:00,https://www.binance.com/en/square/post/10-22-2025-u-s-treasury-yields-decline-amid-rising-bond-prices-31360331791809,"According to BlockBeats, U.S. Treasury prices have been on the rise in recent days, leading to a decline in bond yields. John Silvia, CEO of Dynamic Economic Strategy, has expressed concerns that this upward trend may have gone too far. Silvia analyzed that the combination of ""expansionary fiscal policy and accommodative monetary policy,"" along with persistent inflationary pressures, suggests that U.S. Treasury valuations are currently inflated.Silvia is particularly focused on the five-year Treasury yield, which is currently around 3.6%, slightly below the University of Michigan's latest survey indicating a 3.7% five-year inflation expectation. He noted that this comparison implies that ""even without accounting for tax factors, the real return rate is negative.""",negative,0.02,0.887,0.093,0.7645,0,"['according', 'blockbeats', 'u', 'treasury', 'price', 'rise', 'recent', 'day', 'leading', 'decline', 'bond', 'yield', 'john', 'silvia', 'ceo', 'dynamic', 'economic', 'strategy', 'expressed', 'concern', 'upward', 'trend', 'may', 'gone', 'far', 'silvia', 'analyzed', 'combination', 'expansionary', 'fiscal', 'policy', 'accommodative', 'monetary', 'policy', 'along', 'persistent', 'inflationary', 'pressure', 'suggests', 'u', 'treasury', 'valuation', 'currently', 'inflated', 'silvia', 'particularly', 'focused', 'five', 'year', 'treasury', 'yield', 'currently', 'around', 'slightly', 'university', 'michigan', 'latest', 'survey', 'indicating', 'five', 'year', 'inflation', 'expectation', 'noted', 'comparison', 'implies', 'even', 'without', 'accounting', 'tax', 'factor', 'real', 'return', 'rate', 'negative']",3,5,0.5
15,cc334ced7cf7ebb06c873dca28448a817aa9a4233b1c43eb2580dab73edc06e7,binance_news,U.S. Trade Representative Discusses Balanced Relations with China,Binance News,2025-10-22 00:00,https://www.binance.com/en/square/post/10-22-2025-u-s-trade-representative-discusses-balanced-relations-with-china-31357561414537,"According to BlockBeats, U.S. trade representative official Greer has expressed optimism about achieving a more balanced relationship with China. Greer stated, ""We have a good landing zone that can lead to a more balanced relationship."" This comment comes amid ongoing discussions and negotiations between the two countries regarding trade policies and economic cooperation.",positive,0.0,0.882,0.118,0.7506,0,"['according', 'blockbeats', 'u', 'trade', 'representative', 'official', 'greer', 'expressed', 'optimism', 'achieving', 'balanced', 'relationship', 'china', 'greer', 'stated', 'good', 'landing', 'zone', 'lead', 'balanced', 'relationship', 'comment', 'come', 'amid', 'ongoing', 'discussion', 'negotiation', 'two', 'country', 'regarding', 'trade', 'policy', 'economic', 'cooperation']",5,0,5.0
16,ec5873844553708452041ecad7173504ca949e8fba4337fc2b3f1a04ebbfb11c,binance_news,"Binance Leads with $180 Trillion in BTC Spot Trading Volume, According to CryptoQuant",Binance News,2025-10-22 00:00,https://www.binance.com/en/square/post/10-22-2025-binance-leads-with-180-trillion-in-btc-spot-trading-volume-according-to-cryptoquant-31356685628586,"Key TakeawaysFollowing the October 11 market crash, traders have shifted from leveraged derivatives to a more cautious spot trading approach, according to CryptoQuant analyst Darkfost.Binance remains the dominant spot exchange, with BTC spot trading volume totaling $180 trillion to date.Average daily Bitcoin spot volume rose from $3–5 billion in early September to $5–10 billion currently, signaling a preference for lower-risk accumulation strategies.Spot Market Strengthens as Traders Reduce LeverageAccording to BlockBeats, CryptoQuant analyst Darkfost observed that since the large-scale liquidation event on October 11, crypto market participants have reduced leveraged positions and shifted capital into spot markets amid ongoing volatility.The move reflects a broader risk-management trend across the market as traders prioritize direct asset ownership over margin or futures exposure following the crash.Binance Leads with $180 Trillion in BTC Spot Trading VolumeAs the world’s largest exchange, Binance continues to dominate global spot market activity. Data shows BTC spot trading volume on Binance has reached $180 trillion, while average daily trading volume has doubled in recent months — rising from $3–5 billion in early September to $5–10 billion now.Analysts suggest that the growth in spot activity underscores renewed investor confidence in accumulation over speculation, signaling a healthier market structure following the October drawdown.﻿ #BTC ",positive,0.028,0.91,0.061,0.785,0,"['key', 'takeawaysfollowing', 'october', 'market', 'crash', 'trader', 'shifted', 'leveraged', 'derivative', 'cautious', 'spot', 'trading', 'approach', 'according', 'cryptoquant', 'analyst', 'darkfost', 'binance', 'remains', 'dominant', 'spot', 'exchange', 'btc', 'spot', 'trading', 'volume', 'totaling', 'trillion', 'date', 'average', 'daily', 'bitcoin', 'spot', 'volume', 'rose', 'billion', 'early', 'september', 'billion', 'currently', 'signaling', 'preference', 'lower', 'risk', 'accumulation', 'strategy', 'spot', 'market', 'strengthens', 'trader', 'reduce', 'leverageaccording', 'blockbeats', 'cryptoquant', 'analyst', 'darkfost', 'observed', 'since', 'large', 'scale', 'liquidation', 'event', 'october', 'crypto', 'market', 'participant', 'reduced', 'leveraged', 'position', 'shifted', 'capital', 'spot', 'market', 'amid', 'ongoing', 'volatility', 'move', 'reflects', 'broader', 'risk', 'management', 'trend', 'across', 'market', 'trader', 'prioritize', 'direct', 'asset', 'ownership', 'margin', 'future', 'exposure', 'following', 'crash', 'binance', 'lead', 'trillion', 'btc', 'spot', 'trading', 'volumeas', 'world', 'largest', 'exchange', 'binance', 'continues', 'dominate', 'global', 'spot', 'market', 'activity', 'data', 'show', 'btc', 'spot', 'trading', 'volume', 'binance', 'reached', 'trillion', 'average', 'daily', 'trading', 'volume', 'doubled', 'recent', 'month', 'rising', 'billion', 'early', 'september', 'billion', 'analyst', 'suggest', 'growth', 'spot', 'activity', 'underscore', 'renewed', 'investor', 'confidence', 'accumulation', 'speculation', 'signaling', 'healthier', 'market', 'structure', 'following', 'october', 'drawdown', 'btc']",4,5,0.67
17,c0b6a30991dc2e84913a68a2292185a434dfcb5dc1adf19456fe619a9993b8e5,binance_news,Bunni DEX Shuts Down After $8.4 Million Exploit,Binance News,2025-10-23 00:00,https://www.binance.com/en/square/post/10-23-2025-bunni-dex-shuts-down-after-8-4-million-exploit-31391038177049,"According to Cointelegraph, decentralized exchange Bunni has announced its closure following an $8.4 million exploit in September. This makes it the second crypto project to cease operations this week, citing challenging circumstances. In a statement on Thursday, the team revealed that operations would be wound down due to insufficient funds. They explained that the recent exploit had halted Bunni's growth, and relaunching securely would require significant capital for audit and monitoring expenses, which they lack. The team emphasized the need for substantial development costs and other expenditures to revive the protocol, which they cannot afford.The announcement follows closely on the heels of the Kadena blockchain's founding team decision to cease operations due to adverse market conditions. Bunni's protocol was exploited on September 2, resulting in a loss of $8.4 million across Ethereum and the Layer-2 network Unichain, leading to a halt in operations. A blog post on September 4 detailed how malicious actors exploited the protocol’s codebase. Bunni DEX, built on Uniswap V4, aimed to optimize returns for liquidity providers through its Liquidity Distribution Function. Before the exploit, Bunni experienced rapid growth, with its total value locked (TVL) soaring from $2.23 million on June 10 to nearly $80 million by August 19, as reported by DefiLlama.Despite ceasing operations, Bunni has relicensed its V2 smart contracts from a Business Source License to an MIT license, an open-source software license, earning some community praise. This change allows developers to utilize Bunni's features and innovations, such as liquidity distribution functions, surge fees, and autonomous rebalancing. Users will be able to withdraw their assets via the website until further notice. Additionally, remaining treasury assets will be distributed to BUNNI, LIT, and veBUNNI token holders after obtaining necessary legal approvals, with team members excluded from receiving funds. The team also stated its commitment to working with law enforcement to recover the stolen $8.4 million.In related news, the founding team behind Layer-1 blockchain Kadena announced on Tuesday that it would wind down and cease all network operations, citing tough market conditions. Despite the team's exit, the network will continue as a community-driven entity. However, the network’s native token, KDA, has plummeted 70% since the announcement, currently trading at $0.06, according to CoinGecko.",negative,0.062,0.845,0.093,0.875,0,"['according', 'cointelegraph', 'decentralized', 'exchange', 'bunni', 'announced', 'closure', 'following', 'million', 'exploit', 'september', 'make', 'second', 'crypto', 'project', 'cease', 'operation', 'week', 'citing', 'challenging', 'circumstance', 'statement', 'thursday', 'team', 'revealed', 'operation', 'would', 'wound', 'due', 'insufficient', 'fund', 'explained', 'recent', 'exploit', 'halted', 'bunni', 'growth', 'relaunching', 'securely', 'would', 'require', 'significant', 'capital', 'audit', 'monitoring', 'expense', 'lack', 'team', 'emphasized', 'need', 'substantial', 'development', 'cost', 'expenditure', 'revive', 'protocol', 'afford', 'announcement', 'follows', 'closely', 'heel', 'kadena', 'blockchain', 'founding', 'team', 'decision', 'cease', 'operation', 'due', 'adverse', 'market', 'condition', 'bunni', 'protocol', 'exploited', 'september', 'resulting', 'loss', 'million', 'across', 'ethereum', 'layer', 'network', 'unichain', 'leading', 'halt', 'operation', 'blog', 'post', 'september', 'detailed', 'malicious', 'actor', 'exploited', 'protocol', 'codebase', 'bunni', 'dex', 'built', 'uniswap', 'v', 'aimed', 'optimize', 'return', 'liquidity', 'provider', 'liquidity', 'distribution', 'function', 'exploit', 'bunni', 'experienced', 'rapid', 'growth', 'total', 'value', 'locked', 'tvl', 'soaring', 'million', 'june', 'nearly', 'million', 'august', 'reported', 'defillama', 'despite', 'ceasing', 'operation', 'bunni', 'relicensed', 'v', 'smart', 'contract', 'business', 'source', 'license', 'mit', 'license', 'open', 'source', 'software', 'license', 'earning', 'community', 'praise', 'change', 'allows', 'developer', 'utilize', 'bunni', 'feature', 'innovation', 'liquidity', 'distribution', 'function', 'surge', 'fee', 'autonomous', 'rebalancing', 'user', 'able', 'withdraw', 'asset', 'via', 'website', 'notice', 'additionally', 'remaining', 'treasury', 'asset', 'distributed', 'bunni', 'lit', 'vebunni', 'token', 'holder', 'obtaining', 'necessary', 'legal', 'approval', 'team', 'member', 'excluded', 'receiving', 'fund', 'team', 'also', 'stated', 'commitment', 'working', 'law', 'enforcement', 'recover', 'stolen', 'million', 'related', 'news', 'founding', 'team', 'behind', 'layer', 'blockchain', 'kadena', 'announced', 'tuesday', 'would', 'wind', 'cease', 'network', 'operation', 'citing', 'tough', 'market', 'condition', 'despite', 'team', 'exit', 'network', 'continue', 'community', 'driven', 'entity', 'however', 'network', 'native', 'token', 'kda', 'plummeted', 'since', 'announcement', 'currently', 'trading', 'according', 'coingecko']",14,11,1.17
18,b053e5439abf477933b0b9a049793396018339eaba41757eb9f6de3a25aefc62,binance_news,Binance to Launch Orochi (ON) Trading on Binance Alpha and Binance Futures With 50x Leverage,Binance News,2025-10-22 00:00,https://www.binance.com/en/square/post/10-22-2025-binance-to-launch-orochi-on-trading-on-binance-alpha-and-binance-futures-with-50x-leverage-31347193926826,"Key TakeawaysOrochi (ON) trading launches on Binance Alpha on October 24, 2025, at 08:00 (UTC).ONUSDT Perpetual Contract to go live on Binance Futures 30 minutes later with up to 50x leverage.Binance Alpha users can join an exclusive ON airdrop event between October 24–25 using Alpha Points.Orochi (ON) Launches on Binance Alpha and Binance FuturesBinance will be the first global platform to feature Orochi (ON), enabling trading on Binance Alpha starting October 24, 2025, at 08:00 (UTC).Following this, Binance Futures will open trading for the ONUSDT Perpetual Contract at 08:30 (UTC), offering leverage of up to 50x. The new listing reinforces Binance’s commitment to supporting emerging infrastructure projects advancing blockchain data integrity and computation.Orochi Network: Advancing Verifiable Data InfrastructureOrochi Network is a verifiable data infrastructure project that leverages advanced cryptographic technologies to ensure data integrity, privacy, and trusted computation without revealing sensitive information.The project aims to enhance secure data interactions across decentralized systems — a critical foundation for next-generation Web3 applications.Exclusive Airdrop for Binance Alpha UsersTo celebrate the launch, Binance Alpha users can claim a special Orochi (ON) token airdrop between October 24, 08:00 (UTC) and October 25, 08:00 (UTC).Eligible users must use Binance Alpha Points to participate via the Binance Alpha Events Page, accessible directly through the Binance App.Additional details on claiming and airdrop mechanics can be found on the Alpha Events Page.ONUSDT Perpetual Contract DetailsParameterDetailsContractONUSDT (USDⓈ-M Perpetual)Launch Time2025-10-24 08:30 (UTC)Underlying AssetOrochi (ON)Settlement AssetUSDTMaximum Leverage50xFunding Fee SettlementEvery 4 hoursCapped Funding Rate+2.00% / -2.00%Trading Hours24/7Multi-Assets ModeSupported (e.g., BTC as margin)#USDT ",neutral,0.009,0.874,0.117,0.9766,0,"['key', 'takeawaysorochi', 'trading', 'launch', 'binance', 'alpha', 'october', 'utc', 'onusdt', 'perpetual', 'contract', 'go', 'live', 'binance', 'future', 'minute', 'later', 'x', 'leverage', 'binance', 'alpha', 'user', 'join', 'exclusive', 'airdrop', 'event', 'october', 'using', 'alpha', 'point', 'orochi', 'launch', 'binance', 'alpha', 'binance', 'futuresbinance', 'first', 'global', 'platform', 'feature', 'orochi', 'enabling', 'trading', 'binance', 'alpha', 'starting', 'october', 'utc', 'following', 'binance', 'future', 'open', 'trading', 'onusdt', 'perpetual', 'contract', 'utc', 'offering', 'leverage', 'x', 'new', 'listing', 'reinforces', 'binance', 'commitment', 'supporting', 'emerging', 'infrastructure', 'project', 'advancing', 'blockchain', 'data', 'integrity', 'computation', 'orochi', 'network', 'advancing', 'verifiable', 'data', 'infrastructureorochi', 'network', 'verifiable', 'data', 'infrastructure', 'project', 'leverage', 'advanced', 'cryptographic', 'technology', 'ensure', 'data', 'integrity', 'privacy', 'trusted', 'computation', 'without', 'revealing', 'sensitive', 'information', 'project', 'aim', 'enhance', 'secure', 'data', 'interaction', 'across', 'decentralized', 'system', 'critical', 'foundation', 'next', 'generation', 'web', 'application', 'exclusive', 'airdrop', 'binance', 'alpha', 'usersto', 'celebrate', 'launch', 'binance', 'alpha', 'user', 'claim', 'special', 'orochi', 'token', 'airdrop', 'october', 'utc', 'october', 'utc', 'eligible', 'user', 'must', 'use', 'binance', 'alpha', 'point', 'participate', 'via', 'binance', 'alpha', 'event', 'page', 'accessible', 'directly', 'binance', 'app', 'additional', 'detail', 'claiming', 'airdrop', 'mechanic', 'found', 'alpha', 'event', 'page', 'onusdt', 'perpetual', 'contract', 'detailsparameterdetailscontractonusdt', 'usd', 'perpetual', 'launch', 'time', 'utc', 'underlying', 'assetorochi', 'settlement', 'assetusdtmaximum', 'leverage', 'xfunding', 'fee', 'settlementevery', 'hourscapped', 'funding', 'rate', 'trading', 'hour', 'multi', 'asset', 'modesupported', 'e', 'g', 'btc', 'margin', 'usdt']",15,1,7.5
19,4ab589620608c392c6cc5f9142d1f15d235d01f501e5a7f4c652e8934b9c5555,binance_news,SOL News and Price Watch Today: Solana Gains Modest 1.84% Amid ETF Momentum,Binance News,2025-10-23 00:00,https://www.binance.com/en/square/post/10-23-2025-sol-news-and-price-watch-today-solana-gains-modest-1-84-amid-etf-momentum-31391840237737,"Key TakeawaysSolana price rises 1.84% to $187.21, marginally overperforming the crypto market (+1.55%)Hong Kong approves first Solana spot ETF, launching October 27, boosting institutional interestT. Rowe Price files multi-crypto ETF including SOL, showing growing TradFi exposure SOL Rises Ahead of Hong Kong ETF LaunchSolana (SOL) climbed modestly over the past day, continuing its cautious rebound amid rising optimism about ETF adoption. The move comes as Hong Kong’s Securities and Futures Commission (SFC) approved the first Solana spot ETF, set to launch on October 27, positioning Solana alongside Bitcoin and Ethereum as one of the few cryptos with regulated ETF status.This development marks a milestone for institutional accessibility, allowing traditional investors to gain SOL exposure without custody risks. The ETF will trade in HKD, RMB, and USD lots, signaling Hong Kong’s intent to lead Asia’s regulated digital asset market. Institutional ETF Filings Strengthen Market ConfidenceIn a parallel development, T. Rowe Price, managing $1.77 trillion AUM, filed for an actively managed multi-crypto ETF including Solana (SOL), XRP, and Dogecoin (DOGE). The move underscores Solana’s growing role in institutional portfolios, though analysts note that actively managed structures may limit direct buying pressure compared to spot ETFs.Despite the positive momentum, SOL underperformed Bitcoin (+1.86%) and other altcoins such as BNB (+3.55%) following the announcement, reflecting mixed sentiment as investors await early subscription data from Hong Kong’s ETF launch.Technical Snapshot: Momentum Still BearishTechnical readings show mixed-to-bearish momentum despite today’s modest rebound:Relative Strength Index (14): 42.92, signaling neutral momentum and SOL is neither overbought or oversold. MACD Level (12, 26): -8.80, showing a bearish crossover.Momentum (10): -21.91, suggesting weakening buying pressure.Source: TradingViewOn the moving averages side, SOL trades below most key levels, reinforcing a cautious short-term stance:10-day EMA: 189.43, 20-day EMA: 196.83, 50-day EMA: 203.65 — all above the current price.200-day EMA: 186.73, offering near-term support.Source: TradingViewThis setup suggests SOL is consolidating just above its long-term average, with technicals implying a potential retest of $185 support if momentum fails to strengthen.Market Sentiment and Outlook for SOL, Key Levels to WatchFear & Greed Index sits at 28 (Fear), highlighting the market’s defensive tone despite ETF-related enthusiasm. Volume fell 13.39% in the past 24 hours, underscoring low conviction in the rebound.Key levels to monitor:Support: $185 / $173.52Resistance: $196 / $205.85Critical indicator: MACD histogram (-1.79) — a further drop could extend bearish pressure.Analysts note that ETF-driven optimism could lift sentiment if early Hong Kong subscription data shows strong uptake. However, unless SOL reclaims the $196–$200 zone, momentum remains constrained.#DOGE #BTC #ETF #XRP #BNB #ETH ",positive,0.043,0.84,0.116,0.983,0,"['key', 'takeawayssolana', 'price', 'rise', 'marginally', 'overperforming', 'crypto', 'market', 'hong', 'kong', 'approves', 'first', 'solana', 'spot', 'etf', 'launching', 'october', 'boosting', 'institutional', 'interestt', 'rowe', 'price', 'file', 'multi', 'crypto', 'etf', 'including', 'sol', 'showing', 'growing', 'tradfi', 'exposure', 'sol', 'rise', 'ahead', 'hong', 'kong', 'etf', 'launchsolana', 'sol', 'climbed', 'modestly', 'past', 'day', 'continuing', 'cautious', 'rebound', 'amid', 'rising', 'optimism', 'etf', 'adoption', 'move', 'come', 'hong', 'kong', 'security', 'future', 'commission', 'sfc', 'approved', 'first', 'solana', 'spot', 'etf', 'set', 'launch', 'october', 'positioning', 'solana', 'alongside', 'bitcoin', 'ethereum', 'one', 'cryptos', 'regulated', 'etf', 'status', 'development', 'mark', 'milestone', 'institutional', 'accessibility', 'allowing', 'traditional', 'investor', 'gain', 'sol', 'exposure', 'without', 'custody', 'risk', 'etf', 'trade', 'hkd', 'rmb', 'usd', 'lot', 'signaling', 'hong', 'kong', 'intent', 'lead', 'asia', 'regulated', 'digital', 'asset', 'market', 'institutional', 'etf', 'filing', 'strengthen', 'market', 'confidencein', 'parallel', 'development', 'rowe', 'price', 'managing', 'trillion', 'aum', 'filed', 'actively', 'managed', 'multi', 'crypto', 'etf', 'including', 'solana', 'sol', 'xrp', 'dogecoin', 'doge', 'move', 'underscore', 'solana', 'growing', 'role', 'institutional', 'portfolio', 'though', 'analyst', 'note', 'actively', 'managed', 'structure', 'may', 'limit', 'direct', 'buying', 'pressure', 'compared', 'spot', 'etf', 'despite', 'positive', 'momentum', 'sol', 'underperformed', 'bitcoin', 'altcoins', 'bnb', 'following', 'announcement', 'reflecting', 'mixed', 'sentiment', 'investor', 'await', 'early', 'subscription', 'data', 'hong', 'kong', 'etf', 'launch', 'technical', 'snapshot', 'momentum', 'still', 'bearishtechnical', 'reading', 'show', 'mixed', 'bearish', 'momentum', 'despite', 'today', 'modest', 'rebound', 'relative', 'strength', 'index', 'signaling', 'neutral', 'momentum', 'sol', 'neither', 'overbought', 'oversold', 'macd', 'level', 'showing', 'bearish', 'crossover', 'momentum', 'suggesting', 'weakening', 'buying', 'pressure', 'source', 'tradingviewon', 'moving', 'average', 'side', 'sol', 'trade', 'key', 'level', 'reinforcing', 'cautious', 'short', 'term', 'stance', 'day', 'ema', 'day', 'ema', 'day', 'ema', 'current', 'price', 'day', 'ema', 'offering', 'near', 'term', 'support', 'source', 'tradingviewthis', 'setup', 'suggests', 'sol', 'consolidating', 'long', 'term', 'average', 'technical', 'implying', 'potential', 'retest', 'support', 'momentum', 'fails', 'strengthen', 'market', 'sentiment', 'outlook', 'sol', 'key', 'level', 'watchfear', 'greed', 'index', 'sits', 'fear', 'highlighting', 'market', 'defensive', 'tone', 'despite', 'etf', 'related', 'enthusiasm', 'volume', 'fell', 'past', 'hour', 'underscoring', 'low', 'conviction', 'rebound', 'key', 'level', 'monitor', 'support', 'resistance', 'critical', 'indicator', 'macd', 'histogram', 'drop', 'could', 'extend', 'bearish', 'pressure', 'analyst', 'note', 'etf', 'driven', 'optimism', 'could', 'lift', 'sentiment', 'early', 'hong', 'kong', 'subscription', 'data', 'show', 'strong', 'uptake', 'however', 'unless', 'sol', 'reclaims', 'zone', 'momentum', 'remains', 'constrained', 'doge', 'btc', 'etf', 'xrp', 'bnb', 'eth']",11,14,0.73
